Отметка времени,"Опишите, пожалуйста, ситуацию или человека, для которого вы ищете подарок. Например, 'Моя бабушка любит готовить, что ей подарить?",Какую категорию товара вы рассматриваете для подарка?
11.12.2024 0:40:15,Что подарить младшему брату?,"Смартфоны и фототехника, ТВ, консоли и аудио, Отдых и развлечения, Аксессуары и услуги"
11.12.2024 0:41:18,какие подарки подходят для дочки?,"Красота и здоровье, Смартфоны и фототехника, ПК, ноутбуки, периферия, Аксессуары и услуги"
11.12.2024 0:41:23,"хочу обновить маме бытовые предметы, что можно предложить?",Бытовая техника
11.12.2024 0:46:35,"Он любит фортнайт, что ему подарить?","Красота и здоровье, ПК, ноутбуки, периферия, Комплектующие для ПК, Отдых и развлечения, Дом, декор и посуда, Автотовары, Аксессуары и услуги"
11.12.2024 0:46:37,"Моя бабушка любит готовить, что ей подарить? ","Бытовая техника, Красота и здоровье, Дом, декор и посуда"
11.12.2024 0:46:52,у парня сломался компьютер,"ПК, ноутбуки, периферия"
11.12.2024 0:46:54,Подарок маме,"Бытовая техника, Красота и здоровье, Смартфоны и фототехника, ТВ, консоли и аудио, Отдых и развлечения, Дом, декор и посуда, Аксессуары и услуги"
11.12.2024 0:47:37,Папа часто работает что ему подарить? ,"Бытовая техника, Смартфоны и фототехника, ТВ, консоли и аудио, ПК, ноутбуки, периферия, Комплектующие для ПК, Офис и мебель, Сетевое оборудование, Отдых и развлечения, Инструмент и стройка, Садовая техника, Дом, декор и посуда, Автотовары, Аксессуары и услуги"
11.12.2024 0:47:58,Моя мама любит смотреть сериалы ,"Бытовая техника, ТВ, консоли и аудио, ПК, ноутбуки, периферия, Комплектующие для ПК"
11.12.2024 0:47:59,"Моя подруга любит рисовать, слушает метал, занимается коллекционированием чего угодно, любит разные восточные сладости и чаи, что ей подарить? ","Красота и здоровье, Дом, декор и посуда, Аксессуары и услуги"
11.12.2024 0:48:59,муж любит играть в игры,"ТВ, консоли и аудио, ПК, ноутбуки, периферия, Комплектующие для ПК"
11.12.2024 0:49:31,"родители купили дачу, что им можно подарить?","Бытовая техника, Отдых и развлечения, Инструмент и стройка, Садовая техника, Дом, декор и посуда"
11.12.2024 0:50:08,брат увлекается тюнингом машин,Автотовары
11.12.2024 0:51:38,люблю фотографировать и заниматься ретушью,"Смартфоны и фототехника, ПК, ноутбуки, периферия"
11.12.2024 0:52:11,моя сестра записывает любительские видео,"Смартфоны и фототехника, ПК, ноутбуки, периферия"
11.12.2024 0:53:35,"Мой дедушка любит смотреть телевизор, что бы ему подарить? ","ТВ, консоли и аудио, Отдых и развлечения"
11.12.2024 0:54:16,"Для парня, маме, папе","Бытовая техника, Красота и здоровье, ТВ, консоли и аудио, Отдых и развлечения, Дом, декор и посуда, Автотовары"
11.12.2024 0:54:30,Какой подарок подойдет свекрови?,"Бытовая техника, Красота и здоровье, Дом, декор и посуда"
11.12.2024 0:55:26,Что подарить коллеге на профессиональный праздник?,"Офис и мебель, Отдых и развлечения, Аксессуары и услуги"
11.12.2024 0:55:53,Какой подарок подойдет другу-музыканту?,"Сетевое оборудование, Аксессуары и услуги"
11.12.2024 0:56:15,Что подарить девушке на день рождения?,"Красота и здоровье, Смартфоны и фототехника, Отдых и развлечения"
11.12.2024 0:56:20,"Мой муж любит играть в комьпьютер , что ему подарить ","Бытовая техника, Красота и здоровье, Смартфоны и фототехника"
11.12.2024 0:56:29,"Моя бабушка любит готовить, что ей подарить?","Бытовая техника, Красота и здоровье, Аксессуары и услуги"
11.12.2024 0:56:37,Какой подарок подойдет дедушке?,"Красота и здоровье, Смартфоны и фототехника, Отдых и развлечения, Дом, декор и посуда, Аксессуары и услуги"
11.12.2024 0:56:55,Что подарить другу-спортсмену?,"Красота и здоровье, ТВ, консоли и аудио, ПК, ноутбуки, периферия, Комплектующие для ПК, Отдых и развлечения"
11.12.2024 0:57:21,Какой подарок подойдет любимой учительнице?,"Красота и здоровье, Офис и мебель, Отдых и развлечения"
11.12.2024 0:57:43, Что подарить любимому человеку на годовщину?,"Красота и здоровье, Смартфоны и фототехника, ТВ, консоли и аудио, ПК, ноутбуки, периферия, Отдых и развлечения, Аксессуары и услуги"
11.12.2024 0:58:05,Какой подарок подойдет для новорожденного?,"Офис и мебель, Отдых и развлечения, Аксессуары и услуги"
11.12.2024 0:58:22, Что подарить родителям на юбилей свадьбы?,"Красота и здоровье, ТВ, консоли и аудио, Отдых и развлечения, Дом, декор и посуда, Аксессуары и услуги"
11.12.2024 0:58:33,"Какой подарок подойдет старшему брату?
","Смартфоны и фототехника, ТВ, консоли и аудио, ПК, ноутбуки, периферия, Комплектующие для ПК"
11.12.2024 0:58:56,Что подарить девушке на 8 марта?,"Бытовая техника, Красота и здоровье, Смартфоны и фототехника, Отдых и развлечения, Аксессуары и услуги"
11.12.2024 0:59:15,Какой подарок подойдет другу-путешественнику?,"Смартфоны и фототехника, ТВ, консоли и аудио, Сетевое оборудование, Отдых и развлечения, Аксессуары и услуги"
11.12.2024 0:59:29,Что подарить любимому другу на день рождения?,"Смартфоны и фототехника, ТВ, консоли и аудио, ПК, ноутбуки, периферия, Комплектующие для ПК, Автотовары"
11.12.2024 0:59:43,Какой подарок подойдет сестре на выпускной?,"Красота и здоровье, Смартфоны и фототехника, Отдых и развлечения, Аксессуары и услуги"
11.12.2024 0:59:59, Что подарить парню на день святого Валентина?,"Красота и здоровье, Смартфоны и фототехника, ТВ, консоли и аудио, ПК, ноутбуки, периферия, Комплектующие для ПК, Автотовары, Аксессуары и услуги"
11.12.2024 1:00:16,Какой подарок подойдет бабушке на юбилей?,"Бытовая техника, Красота и здоровье, Отдых и развлечения, Садовая техника, Дом, декор и посуда"
11.12.2024 1:00:37,"Что подарить другу-коллекционеру?
","Смартфоны и фототехника, ТВ, консоли и аудио, ПК, ноутбуки, периферия, Комплектующие для ПК, Отдых и развлечения, Автотовары, Аксессуары и услуги"
11.12.2024 1:00:54,Какой подарок подойдет для человека с хобби в садоводстве?,"Отдых и развлечения, Инструмент и стройка, Садовая техника, Дом, декор и посуда, Аксессуары и услуги"
11.12.2024 1:01:17,Мой парень ходит в спортзал,Красота и здоровье
11.12.2024 1:01:20,Что подарить молодоженам?,"Бытовая техника, Красота и здоровье, ТВ, консоли и аудио, Сетевое оборудование, Отдых и развлечения, Дом, декор и посуда, Аксессуары и услуги"
11.12.2024 1:01:47,Какой подарок подойдет любителю технологий?,"Бытовая техника, Красота и здоровье, Смартфоны и фототехника, ТВ, консоли и аудио, ПК, ноутбуки, периферия, Комплектующие для ПК, Инструмент и стройка, Автотовары"
11.12.2024 1:02:07,Что подарить человеку с активным образом жизни?,"Отдых и развлечения, Инструмент и стройка, Садовая техника, Аксессуары и услуги"
11.12.2024 1:03:38,Что подарить ребенку на день рождения?,"Смартфоны и фототехника, ТВ, консоли и аудио, ПК, ноутбуки, периферия, Аксессуары и услуги"
11.12.2024 1:04:01,Какой подарок подойдет человеку с хорошим вкусом в интерьере?,"Бытовая техника, Офис и мебель, Отдых и развлечения, Дом, декор и посуда, Аксессуары и услуги"
11.12.2024 1:06:03,"Моя мама очень любит готовить и любит само пространство кухни, что можно подарить? ","Бытовая техника, Дом, декор и посуда"
,,
11.12.2024 1:34:30,"Моя мама любит проводить время дома, что ей подарить ","Красота и здоровье, Отдых и развлечения, Дом, декор и посуда"
11.12.2024 1:48:02,подарок девушке на годовщину,"Бытовая техника, Красота и здоровье, Смартфоны и фототехника"
11.12.2024 1:49:08,Моя бабушка хотела бы новый телевизор ,"ТВ, консоли и аудио, ПК, ноутбуки, периферия"
11.12.2024 1:50:03,Хочу подарить дедушке магнитофон,"ТВ, консоли и аудио"
11.12.2024 1:53:50,что подарить сестре на день рождения ,"Красота и здоровье, Смартфоны и фототехника, Отдых и развлечения"
11.12.2024 7:16:30,"Моя мама любит психологию, что ей подарить? ","Красота и здоровье, Аксессуары и услуги"
11.12.2024 7:51:14,"Моя бабушка любит зелёный и уборку, что ей подарить?",Бытовая техника
11.12.2024 9:21:02,Моя мама любит уход за собой ,"Красота и здоровье, Отдых и развлечения, Аксессуары и услуги"
11.12.2024 9:22:00,Я ищу подарок для своей девушки,"Бытовая техника, Красота и здоровье, Дом, декор и посуда"
11.12.2024 9:59:22,Что подарить любителю настольных игр? ,"Отдых и развлечения, Аксессуары и услуги"
11.12.2024 9:59:59, Что подарить любителю литературы? ,"Красота и здоровье, Отдых и развлечения, Аксессуары и услуги"
11.12.2024 10:00:19,Какой подарок подойдет любителю спорта? ,"Красота и здоровье, Отдых и развлечения, Инструмент и стройка, Садовая техника, Дом, декор и посуда, Аксессуары и услуги"
11.12.2024 10:00:40,Что подарить человеку с хобби в рукоделии? ,"Красота и здоровье, Отдых и развлечения, Аксессуары и услуги"
11.12.2024 10:00:58,Какой подарок подойдет любителю автомобилей? ,"ТВ, консоли и аудио, Инструмент и стройка, Автотовары, Аксессуары и услуги"
11.12.2024 10:01:10,Что подарить любителю видеоигр? ,"Смартфоны и фототехника, ТВ, консоли и аудио, ПК, ноутбуки, периферия, Комплектующие для ПК"
11.12.2024 10:01:29,Какой подарок подойдет любителю садоводства? ,"Отдых и развлечения, Садовая техника, Аксессуары и услуги"
11.12.2024 10:01:47,Что подарить фанату комиксов? ,"Смартфоны и фототехника, ТВ, консоли и аудио, Аксессуары и услуги"
11.12.2024 10:02:12,Какой подарок подойдет любителю фотографий? ,"Смартфоны и фототехника, ПК, ноутбуки, периферия, Отдых и развлечения, Аксессуары и услуги"
11.12.2024 10:02:24,Что подарить человеку с хорошим вкусом в моде? ,"Красота и здоровье, Отдых и развлечения, Аксессуары и услуги"
11.12.2024 10:02:44,Какой подарок подойдет любителю искусства? ,"Красота и здоровье, Смартфоны и фототехника, Отдых и развлечения, Аксессуары и услуги"
11.12.2024 10:03:23,Что подарить человеку с необычными увлечениями? ,"Красота и здоровье, Смартфоны и фототехника, ПК, ноутбуки, периферия, Отдых и развлечения, Аксессуары и услуги"
11.12.2024 10:03:39,Какой подарок подойдет любителю танцев? ,"Красота и здоровье, Отдых и развлечения, Аксессуары и услуги"
11.12.2024 10:03:55,Что подарить человеку с интересом к истории? ,"ТВ, консоли и аудио, ПК, ноутбуки, периферия, Отдых и развлечения, Аксессуары и услуги"
11.12.2024 10:04:09,Какой подарок подойдет любителю научной фантастики? ,"Смартфоны и фототехника, ТВ, консоли и аудио, Аксессуары и услуги"
11.12.2024 10:04:37, Что подарить человеку с интересом к экологии? ,"ТВ, консоли и аудио, Аксессуары и услуги"
11.12.2024 10:16:22,"Мой папа любит рыбалку , что ему подарить ",Отдых и развлечения
11.12.2024 10:16:25,"Мой папа любит рыбалку , что ему подарить ",Отдых и развлечения
11.12.2024 10:17:53,"Мой брат любит плавать , что ему подарить ? ",Отдых и развлечения
11.12.2024 10:18:31,"Мой друг любит конструктор, какую тематику конструктора ему подарить? ",Аксессуары и услуги
11.12.2024 12:50:17,День рождение,"Красота и здоровье, Смартфоны и фототехника, ТВ, консоли и аудио, ПК, ноутбуки, периферия, Комплектующие для ПК, Сетевое оборудование, Дом, декор и посуда, Аксессуары и услуги"
11.12.2024 19:55:42,"Моя лучшая подружка студентка медик,что ей подарить? ","Красота и здоровье, Отдых и развлечения, Дом, декор и посуда, Аксессуары и услуги"